{".env":[".env"],"lang/de.json":["lang/de.json"],"lang/en.json":["lang/en.json"],"lang/es.json":["lang/es.json"],"lang/fr.json":["lang/fr.json"],"lang/hi.json":["lang/hi.json"],"lang/it.json":["lang/it.json"],"lang/nl.json":["lang/nl.json"],"lang/pt.json":["lang/pt.json"],"lang/tr.json":["lang/tr.json"],"lang/zh.json":["lang/zh.json"],"packages/cupertino_icons/assets/CupertinoIcons.ttf":["packages/cupertino_icons/assets/CupertinoIcons.ttf"],"packages/status_alert/assets/fonts/SFNS.ttf":["packages/status_alert/assets/fonts/SFNS.ttf"],"packages/wakelock_web/assets/no_sleep.js":["packages/wakelock_web/assets/no_sleep.js"],"public/assets/fonts/.gitkeep":["public/assets/fonts/.gitkeep"],"public/assets/images/camion.gif":["public/assets/images/camion.gif"],"public/assets/images/cash_on_delivery.jpeg":["public/assets/images/cash_on_delivery.jpeg"],"public/assets/images/credit_cards.png":["public/assets/images/credit_cards.png"],"public/assets/images/dark_powered_by_stripe.png":["public/assets/images/dark_powered_by_stripe.png"],"public/assets/images/facebook.png":["public/assets/images/facebook.png"],"public/assets/images/instagram.png":["public/assets/images/instagram.png"],"public/assets/images/paypal_logo.png":["public/assets/images/paypal_logo.png"],"public/assets/images/razorpay.png":["public/assets/images/razorpay.png"],"public/assets/images/shipping_icon.png":["public/assets/images/shipping_icon.png"],"public/assets/images/twitter.png":["public/assets/images/twitter.png"],"public/assets/images/youtube.png":["public/assets/images/youtube.png"],"public/assets/json/default_shipping.json":["public/assets/json/default_shipping.json"]}